run_at_utc,week,agency_folder,agency_id,status,failure_stage,failure_reason,gold_row_count,extracted_row_count,row_count_match,title_match_rate,dollar_total_gold,dollar_total_extracted,dollar_pct_error,elapsed_seconds
20260521T0451Z,w1326,2026 03 10 - fairfaxva.gov_cip_2026-2030,fairfaxva.gov_cip_2026-2030,failed,design,".14-64\Lib\encodings\cp1252.py"", line 19, in encode
    return codecs.charmap_encode(input,self.errors,encoding_table)[0]
           ~~~~~~~~~~~~~~~~~~~~~^^^^^^^^^^^^^^^^^^^^^^^^^^^^^^^^^^
UnicodeEncodeError: 'charmap' codec can't encode characters in position 135-136: character maps to <undefined>
",153,,,,,,,178.7
20260521T0452Z,w1326,2026 02 25 - gwregion.org_cip_2021-2030,gwregion.org_cip_2021-2030,ok,,,338,316,no,0.0,3366489029.0,194.0,1.0,231.7
20260521T0456Z,w1326,2026 03 10 - fairfaxva.gov_cip_2026-2030,fairfaxva.gov_cip_2026-2030,failed,test_run,"4-64\Lib\subprocess.py"", line 1644, in _communicate
    raise TimeoutExpired(self.args, orig_timeout)
subprocess.TimeoutExpired: Command '['C:\\Users\\dave\\AppData\\Local\\Python\\pythoncore-3.14-64\\python.exe', 'C:\\Users\\dave\\AppData\\Local\\Temp\\tmptxdrbw8d.py']' timed out after 120 seconds
",153,,,,,,,295.7
20260521T0454Z,w1326,2026 03 14 - northmiamifl.gov_cip_2026-2030,northmiamifl.gov_cip_2026-2030,failed,test_run,"4-64\Lib\subprocess.py"", line 1644, in _communicate
    raise TimeoutExpired(self.args, orig_timeout)
subprocess.TimeoutExpired: Command '['C:\\Users\\dave\\AppData\\Local\\Python\\pythoncore-3.14-64\\python.exe', 'C:\\Users\\dave\\AppData\\Local\\Temp\\tmpw5mp3ezk.py']' timed out after 120 seconds
",14,,,,,,,411.2
20260521T0501Z,w1326,2026 03 14 - northmiamifl.gov_cip_2026-2030,northmiamifl.gov_cip_2026-2030,failed,full_run,"4-64\Lib\subprocess.py"", line 1644, in _communicate
    raise TimeoutExpired(self.args, orig_timeout)
subprocess.TimeoutExpired: Command '['C:\\Users\\dave\\AppData\\Local\\Python\\pythoncore-3.14-64\\python.exe', 'C:\\Users\\dave\\AppData\\Local\\Temp\\tmp0u8zokwx.py']' timed out after 120 seconds
",14,,,,,,,517.9
